{
    "Engine Settings": {
        "Draw Grid": false,
        "Vsync": false,
        "Enable FPS Limit": false,
        "FPS Limit": 0.0
    },
    "Game Settings": {
        "Vsync": false,
        "Enable FPS Limit": false,
        "FPS Limit": 0.0
    },
    "Camera Settings": {
        "Position": [
            78.4056167602539,
            5.789900302886963,
            -1.649093508720398
        ],
        "Rotation": [
            0.27238646149635317,
            -0.575886070728302,
            0.21150925755500794,
            0.7412318587303162
        ]
    },
    "Scene Settings": {
        "Name": "Level3Scene"
    }
}